commentaire,rating,source
easy order. easy return,5,Google Play
Just got a new Samsung Galaxy tablet and the Amazon app is not compatible! Extremely frustrating and very disappointing!,1,Google Play
"I picked up my new t.v at Best Buy!! the same day, I ordered it on.",5,Google Play
حرامية,1,Google Play
Nice platform to do shopping but it's disappointing that most items are not delivered to Oman.,3,Google Play
👌👍👌👍,5,Google Play
cant create account,1,Google Play
don't know how I lived without it,5,Google Play
I can't use my Amazon gift card for a paycheck when I don't need to spend money and they aren't allowing it so this recent update has been horrible,1,Google Play
good,5,Google Play
Always satisfied,5,Google Play
shows fomo notifications every time the screen of my phone turns on. disabled all notifications and still happened anyways.,1,Google Play
love the convince,5,Google Play
Amazon is 👍 great!!,5,Google Play
me molesta que si dice el producto q llega el dia anterior no llegue...si dice que llega cumplan no mientan porque bien caro que se paga el prime para tan mal servicio It bothers me that if you say the product that arrives the day before doesn't arrive... if you say it arrives comply don't lie because it's expensive to pay the prime for such bad service,2,Google Play
"It stopped working on my Tab A7(not compatible)and Play Store won't let me install it after I uninstalled. If you don't want to lose a very good customer Amazon, I suggest you fix this issue.",1,Google Play
it's perfect,5,Google Play
"keeps getting worse, keeps getting slower, keeps not listening to me when I filter.",1,Google Play
"app is lagging and amazon product search sucks to find the best items , gotta search through tons of knock off items to find the good ones",2,Google Play
plis Bangladesh come 🥹🥹🥹🥹,5,Google Play
"they have 1 good thing which the fast delivery, other than the lately they keep accusing customers with things we haven't done, I had 2 sellers scammed me and Amazon haven't done anything, and they got upset I did dispute, they getting worse and worse",1,Google Play
great stuff and quick delivery,5,Google Play
App no longer is available for my Samsung Tablet. (yet works on my note 20 ultra) Developer/Amazon: Will this be fixed anytime soon? Using the browser's page is way too busy when your used to the app. (ADHD brain!) I NEVER thought I'd see the day when they were steering you AWAY from installing an app!,1,Google Play
You get what you want fast and easy what more do you need. 👍🆗,5,Google Play
Great App!,5,Google Play
"Please fix for Android 16! Some screens have not implemented screen insets, buttons overlap the statusbar and cannot be interacted with. Please manually apply screen margin to the top on broken screens or update all views to compose Material Design 3 or newer. I am suck on app open due to this layout issue. Please act with some haste.",1,Google Play
"is there seriously no way to put this app into a darker or dark mode?? The apps screen is so white and bright on 90% or more of each and every page! no matter what is searched for and looked at.. if it was able to be put in a darker mode that's something different than the very VERY high contrast/brightness of the apps white usage on the background/surroundings within, than i would put my rating to the 4-5 star range. I",3,Google Play
"Not for tablets anymore?!! I've been using this app for years on my tablets, and it started glitching and locking up frequently, so I thought I'll uninstall it and reinstall it. I can't reinstall it. Google play says it's not compatible with tablets now and offers no other app in its place. why??! Now I'm stuck with the online website shopping experience, which is terrible! Customer service was a dead end. This will deter me from shopping on Amazon and may force me to cancel prime.",1,Google Play
great experience,5,Google Play
Amazon as a company was good once about ten years ago. Years later Still horrible and getting worse by the second. Prime is garbage and so is their customer service as well. Avoid at all costs. The app is a reflection of the company. Every update makes it worse and unusable. Zero improvements in years.,1,Google Play
"Always a good experience. Problems are solved efficiently and without resentment. Friendly, polite, knowledgeable staff.",5,Google Play
"This is a rating for both the app and Amazon as a whole - App becomes more agressively user-unfriendly every year. When I look for a specific game or movie, I don't need a sponsored result of dildos, laundry soap and pet food. Shipping is free and fast when you DO NOT have a Prime membership. Prices are higher than a lot of small indie stores. Most items on Amazon look to be drop ship garbage from ""stores"" like XCGSD or ZAGFRT. Amazon is no longer the good deal site. It's trash all the way down",1,Google Play
always on time and in good on all merch,5,Google Play
so probably have to uninstall this app doesn't work as intended in the brackets is the post I put nearly a year ago an your still not fixed it(options don't even work in the settings getting notifications for options I've turned off repetitively all day) are you too busy trying to push stuff on people what's unneeded,1,Google Play
worst delivery staff and customer services,1,Google Play
auto downloads even after being deleted,1,Google Play
yeah,5,Google Play
Just keeps crashing on me.,1,Google Play
"Amazon are going downhill fast, poor deliveries and terrible customer service coupled with the adverts they force upon people i would advise thinking about joining Prime as it is no longer worth the charge.",1,Google Play
"When I receive a notification on a Alexa powered device and tell the device to add a item to my cart, it doesn't always do it. it would be nice if this app had a notifications section so I can review notifications.",1,Google Play
Terrible customer service (when you can actually manage to get through to someone)! Latest order was supposed to be delivered to my local Post Office but when I went to collect the item it wasn't there. Amazon are refusing to give me a refund.,1,Google Play
"fast checkout, no fuss on getting want her or me want",5,Google Play
chat bot will not allow a human to respond to questions it can't answer.,1,Google Play
"the only problem I have is with the way that Amazon ships now. I like the various types of shipping but they're not matching the item to a package. I had a package of chips placed in the paper bag of course the project was completely ruined. And I bought a thin ""tin' sign and placed it in a non-padded bag, the sign was warped and dented.",3,Google Play
you can't cancel membership. 🤯,1,Google Play
Good 👍😊👍😊👍😊,5,Google Play
can't access to change my phone number. Amazon won't recognize my password.,1,Google Play
كويس بس بطلوا تجيبوا الاوردر غلط,5,Google Play
"Amazon needs a dark mode to their app. The pages are too bright, I turn down the brightness but it doesn't help and the lettering are too light and thin, or allow the page to be blown up so I can expand the letters",3,Google Play
great for rural life.,5,Google Play
Su servicio de entrega deja mucho que desear,1,Google Play
Love it the way of process,5,Google Play
"Absolute disaster, how can I just simply browse. Any option that gives me the ability to have a clear view of available products is not accessible.",1,Google Play
I love it 😍❤️,5,Google Play
"After repeatedly canceling an order I confirmed and reconfirmed that yes I did indeed want, they decided to cancel because I had a duplicate cancelation. I'll take my money to a brick and mortar store at actually wants and needs my money.",1,Google Play
"goods ordered, arrived on time, also good on price.",5,Google Play
Amazon app is junk and its work done to the app because you can do anything and they just cancelled your orders,2,Google Play
"Would love to be able to find a live person to chat with, call, email to solve a problem instead of an endless loop of virtual answers.",1,Google Play
"I used to love Amazon, but what an absolute cluster now... Rufus is a serious pain, popping up with absolutely no option to turn off the stupid AI bs. Also, who doesn't love paying for services that aren't guaranteed or honored? I used to pay for Prime, and for three months now, it's been a minimum delivery time of 4 days, if not longer. I canceled my prime as it now doesn't matter if I pay for it or not, my shipments arrive in the same time frame regardless...",2,Google Play
expensive,1,Google Play
EL SERVICIO A CLIENTE ES UNA BASURA. ME COMUNIQUE CON ELLOS POR UN PAQUETE QUE DICEN HABERME ENTREGADO Y NO ME DIERON SOLUCIÓN.,1,Google Play
"I ask Amazon to STOP showing what we did NOT ask. Example: I look for ONLY ENTERIC COATED capsules, show me only ENTERIC COATED. Stop trying to push products into our eyes that we are not looking for. STICK to what we type ONLY !!!! Same with the brands, uf I ask one specific brand, STOP showing me what I NEVER asked.",2,Google Play
"This app has gotten extremely slow. my phone is not the newest but it's also not ancient. I've done all the things, checked my internet, cleared the cache, reinstalled etc. but just switching in between options in a listing is extremely laggy.",1,Google Play
I have always had great experience and service here,5,Google Play
Amazon has what I need. Tried of driving to a store and not finding what I need.,5,Google Play
Easy to find what you want. Easy to compare sellers.,5,Google Play
For the last 2 days Amazon keeps glitching as soon as I try to search for anything and just closes. It said to update the app but it's already updated and I have cleared the cache also with no luck.,1,Google Play
App keeps crashing due to a bug. Please fix!,3,Google Play
don't have useless apps on my phone,1,Google Play
سرقه علني بمعني الكلمه؛ كنسلوا طلباتي canceled my orders و خدوا مني الكوبونات اللي هي عباره عن استرجاع مبالغ من طلب قديم جه غلط؛ و لما جيت اكلمهم قعدوا يرموني علي بعض و اديني شهر مخدتش منهم حق و لا باطل لحد ما مليت و قفلت حسابي و قولت حسبي الله و نعم الوكيل فيهم ... مقاطعه,1,Google Play
there is no customer support..,1,Google Play
happy with this amp 😃😁 6:14 am 2/25/26 Dorothy Riggs,5,Google Play
Pages are not user-friendly. It is too hard to find help or get answers to your questions.,3,Google Play
"Why is Amazon shopping no longer compatible with my tablet. This needs to be fixed. Was using my tablet to check on an Amazon order I placed 2 days ago and now this. What is needed to make the app work again on my tablet. every time something works fine, it gets messed with or taken down. I am not happy about this.",1,Google Play
النهاردة 25/2/2026 الدليفري رفض توصيل الشحنة وأمازون حالته مزرية,1,Google Play
"Amazon shopping great ,didn't no you could by food off there. But when my clients send me gift cards for anything, now I do my food shopping for paymentsx",5,Google Play
this app just ain't working anymore,1,Google Play
"The app has recently become a huge pain, sending clickbait push notifications multiple times per hour. At this point it's just spam, uninstalled until they fix it",1,Google Play
quit it,1,Google Play
excellent,5,Google Play
Good 👍,5,Google Play
app is buggy and is shutting down suddenly. also the prices/ quality is no longer viable,1,Google Play
"Previous iterations of this app were really good. Unfortunately, the latest update has broken some of this functionality. Wish lists created prior to this new app being installed no longer show up in the app, and the Kindle Unlimited functionality is much worse than it used to be. The new app seems to focus a lot more on shipping for goods, with books given much less attention.",2,Google Play
"so easy, almost anything you need.",5,Google Play
can be checked and changed be careful 🧐 will hurt your whole 🌎 mind ur self,1,Google Play
"I don't want or have any need for your story. I've got my own and you ain't in it. for reels. if there was a way to opt out of giving any stars, I would have given two of those to you.",1,Google Play
"Since I started ordering stuff on Amazon ALL my orders have been with a mistaken mobile number, which means I need to call the delivery company every time to let them know. It has been so that I forgot about an order and never made the call => never received the package and was returned. This is absurd... How do you mistake my mobile number for every order and I know I have given you the right one?",2,Google Play
كذا مره اطلب حاجات متجيش زي الوصف والجوده سيئه وكمان مشترط عليا اني ادفع قبل الاستلام طبعا انا مسحت الابليكشن,1,Google Play
"their policy is so silly. if it's dormant for more than a year, the account will be locked forever and you have to either create a new email address for a new account or use mobile number to create a new account.",1,Google Play
Dark mode please!!!!!,2,Google Play
just opened account,5,Google Play
very cool when I can use it.,5,Google Play
I was an Amazon Vine Member. I wrote product reviews for 4+yrs. We were encouraged (indirectly) to lie b/c of the way the rules were setup for submitting reviews. Many reviews are denied for using language & vocab that most accurately describes honest product experiences. Amazon operates in a legal grey area. Now they refuse me access to my tax documents. I reported them to the IRS & the Attorney General & am working on filing a lawsuit for various reasons. This app is untrustworthy!,1,Google Play
stop choosing my payment method and stick to my default account. I don't need AI help.,4,Google Play
"Every time I search for books, I purposely choose PRINT, hardcover or paperback; yet it always chooses audiobooks!! Make it work accurately!! This has been happening for at least 6 months.",1,Google Play
I'm shamed that Amazon Shopping is not supported any longer on Tablets. They will lose a lot of customers this way. I will start shopping elsewhere unless they fix this asap.,1,Google Play
everything you'll ever want at your fingertips 🎉 my favorite way to shop,5,Google Play
"i keep hitting the ""add to upcoming delivery"" while trying to scroll through items, this is a horrible feature and has been causing SO many issues!!",1,Google Play
worst app ever freezes every time you try to open your orders tab,1,Google Play
always amazing support and services I truly appreciate Amazon,5,Google Play
Great service!!,5,Google Play
Love Prime ❤️ fast delivery 👌,5,Google Play
buying iphone 17 pro max accessories just because reasonable price 😍,5,Google Play
why doesn't it allow me to uninstall this app,1,Google Play
it won't load past the pickup screen junk app fix your software,1,Google Play
"why is this app now saying it's no longer compatible with my tablet, won't let me download it all. It's the only Amazon app responding this way. id really appreciate a response and solution to this.. I sure noticed they had no problem taking my monthly prime payment but where's my app to access the service I'm subscribed to???",1,Google Play
"Intrigued by the attached app,the very appropriate moment I viewed the advertised link,my thoughts were highly adjusted positively so,I did not hesitate to complete the signup program so that I can receive my product,few days later my parcel was delivered 😀. Safe and secured. I m really happy to have the opportunity to use this app .keep the good service up.",5,Google Play
Best place in the world to buy things from,5,Google Play
"Enjoy the range/variety of options for purchase. Great prices, and free shipping is awesome.",5,Google Play
almost everything is on Amazon lol 🤷🏽‍♂️ it's true.,5,Google Play
slow and crashes. you're better off using the website.,3,Google Play
So super easy to get what I need! as a disabled lady who cant get far or often I have very rarely in thousand of orders been disapointed and always rectified fast if any issues . retail therepy at its finest ! With so many choices and even the essentials range you cant go wrong with finding a great product for what you need.,5,Google Play
Keeps crashing!,2,Google Play
the app does not work with the Samsung galaxy Tab A11+ and is missing from the UK play store,1,Google Play
Why is it so incredibly hard to find my digital rewards balance for choosing Amazon day delivery?,1,Google Play
cheap items are really expensive here a 240k laptop on Amazon is 300k,2,Google Play
"I'm trying to talk to customer service about an item, but if I go into customer service, it just is a continual loop bringing me back to the customer service page. it won't let me talk to anyone. Amazon is garbage.",1,Google Play
fabulous,5,Google Play
"really bad experience, I had prime and everything works great, but they are only trying to get extra money out of prime plus what they get from the sells, I purchased 2 items in one transaction Feb 13th 2026 1st arrived Feb Feb 22nd the other one hasn't even shipped yet. and it is 5:15 pm on Feb 24th? man, stuff from China stores arrives way faster and you can see their strategy, ""pay prime, we'll ship right away, no prime forget about it"". Amazon sucks.",1,Google Play
tried to order something and got my account locked even after I did what it asked to reactivate my account. now I cant even make a new account...,1,Google Play
Cannot get thru the stupid new AI return que. No option to type in responses. Or get all the way through a return How irritating!! And for 6 months reading reviews has not worked. It's always jumping back to the beginning.,1,Google Play
Perfect,5,Google Play
amazon is not the same u order and they send it whenever they want,1,Google Play
"They use to be great but they have gotten worse and worse on deliveries, one second its being delivered today, next it's says tomorrow, then it says a week from today and you now have to got through the refund process and try to find what you needed in a timely manner. That's not happening here anymore at all!",2,Google Play
worse service,1,Google Play
app has a bug keep closing.,1,Google Play
This app keeps signing me up for Amazon Prime. 🤬🤬🤬,1,Google Play
I want to cancel my order,1,Google Play
I have been with Amazon since 2020 and order almost daily.No other retail company can match their prices and service.,5,Google Play
no problems,5,Google Play
"Latest update is AWFUL, as usual for any Amazon operated app. Horrible user interface that moves at a snails pace. So slow it's now rendered completely unusable. Doesn't really matter though, because the search results are now so completely irrelevant to what you searched and so cluttered with useless added garbage you won't be bothered to click on anything anyway. Time to send these robot clowns back to whatever mail room they came from and hire someone actually qualified to design apps.",1,Google Play
it works as it should.,5,Google Play
Almost impossible to get live help. terrible customer service. They put you in AI hell and hide live help very effectively. Terrible business practice.,1,Google Play
so futerated as I went pick up packages I had sent to drop off location to avoid theft and app will not work now on my tablet/ cell so now can't get my packages. really need to fix this issue as they will lose my business till they do as well expect some kind of credit for major inconvenience of having to shop some where else now and paid for prime I can't even use as I can't pick up packages now as app will not down load to my tablet 😑.,1,Google Play
awesome,5,Google Play
great to do shopping,2,Google Play
my go to spot,5,Google Play
I really enjoyed this app it's a convenience to have it.,5,Google Play
Amazon the best ever 🥰,5,Google Play
laggy. takes ages to load or won't load at all. terrible and slow,1,Google Play
Great not bad as Ebay,4,Google Play
good,5,Google Play
totally awesome,5,Google Play
"very poor service, didn't deserve 1 star",1,Google Play
love it,5,Google Play
"I dont know what's going on, but 2 of my orders, different times. Have not been delivered and tracking stops. I have the option to cancel so it says. I do then NOTHING, NOT MY MONEY BACK, not any other follow up. Sus Sus!",2,Google Play
"2 day shipping doesn't exist. It will say that it will be delivered in two days. But the day it's supposed to be delivered, you will get a notification late that day, saying that it won't be delivered till the next day. And then the same will happen the next day. Also, apparently, now, when your package shows delivered, well, you know, they say it can show delivered forty eight hours before it is actually delivered. How is that legal? I have no idea, but I'm done.",1,Google Play
"I was about to shop for a 430 EUR item on Amazon, everything went smoothly, but after they asked for account verification and I completed the process, they debited the cash from my account and then canceled the order. They're saying the cash will come back in 3-5 days. Is this right? It makes me really annoyed to deal with them like this.😌",1,Google Play
I get my orders delivered to the hub locker read supermarket I can't scan my phone I have to call customer service for the code to get my orders please fix,1,Google Play
"Pick Noon, they honor their delivery dates. While amazon used to focus on reliability in the delivery times, this is long past. Out of 10 orders i made during the last month 9 of them were delayed by more than 3 days and im a prime member. The issues comes from the third party services they use like (Aramex, etc). Once these companies take the order they dont have to deliver it on the agreed date, they deliver based on the schedule of the delivery person, you dont matter.",1,Google Play
very nice,4,Google Play
انا طلبت أوردر وجاي ناقص والخامه رديئه جدا عكس الصوره تماما,1,Google Play
Amazon's mobile app is so slow and laggy these days that it's almost unusable. Opening a browser page is faster so I'm considering dumping the app in favor of that.,1,Google Play
we all have the needs to be to be shopping on Amazon.. who don't use it if didn't you will.,4,Google Play
best application forever,5,Google Play
"Always on Time, Product guarante what you see what you get...",5,Google Play
Its been glitch lately. Unable to use the app.,1,Google Play
"for some reason.. my Amazon app set its code to ""Amazon.ae"" instead of "".ca"" ... I Uninstalled the app.. re-download it from the play store... and it went back to Canada.",4,Google Play
"Join Prime and if you place your order in the next 4 hours, it will arrive today, LIES! I paid for prime and placed my order and all of a sudden it's tomorrow and the next day on the same order. These tactics are deceptive to get you to join a membership and then cannot follow through with the promises... I will never get prime again.",1,Google Play
"pixel 9, new sign in notification page's ""x"" is hidden in the top left under the notification bar area, inaccessible causing it to reappear with every open of the app",3,Google Play
my package never showed uup,2,Google Play
keeps crashing every time i search for an item,1,Google Play
went to cancel my order because I found an item cheaper elsewhere. they sent email saying they couldn't cancel my order. 1 min later I got email my items shipped. there's you a life hack to get Amazon to ship your stuff faster I guess. my order was 26 dollars. so in punishment I'll pause my prime membership for 2 months. I will get my money back one way or another. as my stuff is non returnable. and 2 months I won't buy anything else as well. they just didn't want to cancel it.,1,Google Play
it's 2025 and the largest retailer on the planet doesn't have dark mode on their app. I'd like to order gifts at 3 a.m. without blinding myself and waking up half the county,1,Google Play
simply the best.,5,Google Play
is a great shopping online app,5,Google Play
Great service and excellent delivery time.,5,Google Play
dont bother with prime says delivery next day then you get message for delay and say will arrive two days time so standard delivery,1,Google Play
New update is hard to navigate. Lots of scrolling left/right to find what you're looking for.,2,Google Play
Where is dark mode? I can't find it anywhere. Why do I need to wear sunblock when I check the status of my order at night? Where is the search function for comments? Not there. What're we waiting for???,1,Google Play
will change when they add a dark mode. and also when they drop the price of prime. great app otherwise.,1,Google Play
UPDATE: WELL IT'S 2026 AND YET AGAIN THE APP KEEPS CLOSING SAYING THERE'S A DEVELOPER ISSUE! 2021: Not working again ugh,5,Google Play
my Amazon USA switched to Amazon sa and now it won't go back. how do I fix this?,1,Google Play
Just GREAT and jandy,5,Google Play
"Go back to using the postal service for God's sake, seriously every order I've made has ended up arriving one to two days late. It feels like paying for prime is worthless at this point.",2,Google Play
cannot view in dark mode,3,Google Play
"I've been trying to talk to an agent for 1 hour and 19 minutes, Everytime I get close to talking to someone I get an error 'ooops something went wrong' or it just takes me back home so I can start all over again. I have lost my patience with you. It is so wrong to treat your customers like this. I will be taking my business elsewhere.",1,Google Play
good,5,Google Play
"Terrible Service. Do not sign up for Prime. It has become greatly devalued. They failed the same item I ordered 3 times in a week and lied they were going to watch it very closely. You no longer get items in two days for Prime. I just placed an order today July 14th, and it will not be here until July 24th. Buh-bye Amazon, this is what happens when a company gets too big and loses its great customer service. As soon as my membership is up I'm moving on. You can't use Covid 19 as an excuse.",1,Google Play
the app is very slow and lags quite often on android devices. the service provided is good but app needs a few updates,4,Google Play
Using this application makes shopping easy...save time and the items sold are also of very good quality,5,Google Play
worst customer care service.. bad,1,Google Play
"delivery times are often incorrect, NEVER rely on the delivery time if you need something quickly",3,Google Play
amazing 🤩😍,4,Google Play
"Decent shopping experience but: 1. Very different shipping prices for different items and very often impossible to have combined shipping. 2. No special Amazon Prime perks for smaller EU countries such as Malta. Either independently or by using a different region such as Amazon.de. 3. Doesn't have enough interesting clothing. Most of it is bland and boring. Unless you are looking for something very specific such as climbing shoes, it is bot worth it.",3,Google Play
as of yesterday it keeps kicking me out bc there is a bug wish they would hurry up and fix the problem,3,Google Play
so easy to buy everything and anything Prime is a must,5,Google Play
"I’ve been using the Amazon app for a while now and it’s always a smooth experience. It is very easy to find what I need, and the tracking updates are always accurate. It makes shopping much less stressful",5,Google Play
Every time I try to pick up my order from a pickup location (that requires Bluetooth to access) the app won't load. I've tried for several days and now my order is being taken back and refunded a second time. The AI assistant is no help and there's no way to request an extension. The unreliability of the app is enough for me to quit using Amazon altogether.,1,Google Play
always neat things to find,5,Google Play
I lv this,5,Google Play
very professional 😄,5,Google Play
exellent,5,Google Play
"Horrible search feature. I typed in ""Garmin watch"", only 4 out of the first 10 results were Garmin.",1,Google Play
no longer compatible with my tablet. can you fix this please.,1,Google Play
This service has become terrible because their drivers cannot follow the directions of an electronic/digital map that takes you directly to the exact GPS coordinates. AND will even show you a satellite photo of the location. So frustrating to get pictures of unknown front porches with your packages sitting out in the rain 🙄 With all of the trillions this company makes you would think that they could train these drivers how to deliver a box 🤨,1,Google Play
This app constantly crashes. Immediately as soon as I search for an item it closes out. I can't do anything with it and its super frustrating.,1,Google Play
"I ordered an item 5 days ago that was expected in two days for a job I'm doing, I told my client I would finish that job in 4 days. now I'm looking for that item elsewhere because it still has arrived and my client is pressuring me to finish that job.",1,Google Play
"I can't get HALF the stuff I used to be able to, since we can't archive our orders! Call me horrible- I know I'm not the only one that buys things without my husband knowing sometimes. I USED to love ordering things on Amazon but since I can't archive orders anymore, my purchases can be seen by my husband & daughter, so that screwed me! Now I have to shop elsewhere. The little shopping I still do on here just became INCREDIBLY annoying with the new update! Don't think I'll be needing this app.",2,Google Play
quality items and is always on time,5,Google Play
Amazon fire showing inappropriate ads to my children on child locked accounts??,1,Google Play
app works fine but I am going to use it a lot less because of not being able to switch it to dark mode. I will stick with my browser.,3,Google Play
app keeps crashing. phone reports it has a bug and needs developer to fix....please fix,1,Google Play
Thanks so much 😊😊😊😊,5,Google Play
best quality products,5,Google Play
No longer worth it. Went from overnight deliveries to 2 days to now 4 days for a delivery. This has been happening over the course of months and is not isolated to just one product. I had to make the switch to Walmart.,2,Google Play
"Dear Amazon, I dont pay for prime so my orders can be delivered by our sorry local post office and you make sure theres nowhere on the app to complain about it.",2,Google Play
please please add dark mode 🙏🙏🙏,3,Google Play
super fast delivery.,4,Google Play
cant even make a purchase without it canceling the order and customer support doesnt tell me anything,1,Google Play
I like it,5,Google Play
Always absolutely professional being able to order and receive from Amazon so guickly and easily with out leaving my home.,4,Google Play
I love the convenience. Keep an eye on prices.,5,Google Play
👍👍👍,5,Google Play
Great job!,5,Google Play
I never get my package stolen when using eBay or Walmart to get my package but when using Amazon it always does,1,Google Play
so convenient,5,Google Play
This was first delivery at this location and it was great.I had never tried sending to a new location but it was good.,4,Google Play
LET ME CANCEL MY SUBSCRIPTION!!!,1,Google Play
"For the love of God stop replacing everything with pictures and toddler like layouts, use words like a literate human. Put scroll bars back on the sides so we can actually scroll down the page when we want to. Get rid of all the stupid side scrolling items that get in the way of page navigation. Make an option in app notifications to separate advertising notifications and delivery notifications. Let us turn off e-mail notifications. Stop making subscriptions the default for every single thing.",1,Google Play
the app keeps defaulting my delivery address to the wrong place. fix this now.,1,Google Play
need to see human amazon wigs,5,Google Play
"The ""preview"" feature Amazon keeps trying to force on us is annoying and makes scrolling through search results needlessly frustrating. We don't want it. Stop.",1,Google Play
MUY MALA EXPERIENCIA YA QUIEREN ENTREGAR LOS PRODUCTOS DESPUÉS DE 3 SEMANAS APARTE QUE SIEMPRE POR CADA COMPRA QUE HAGO CON LA TARJETA SIEMPRE ME DESCUENTA 20 PESOS QUE PARA VERIFICAR SI TENGO DINERO QUE SEGÚN ESE CARGO LO REGRESAN CUÁNDO NO ES CIERTO IMAGÍNENSE SEGÚN ELLOS ENVÍO GRATIS PERO POR CADA COMPRA QUE HACES SE VAN DE 20 EN 20 EN 20 EN 20. PUES NO PINCHE SINVERGÜENZAS ESTAFADORES. ABUSIVOS!!!!,1,Google Play
"It keeps glitching and closing out... not properly searching, or allowing me to order items. Take my money, charge me extra for groceries, books, and movies/ shows but still... overall... don't work... sounds fair (sarcastic for those who are unable to comprehend)",1,Google Play
"pathetic customer service,just requested to delete my account but taking ages to do that simple task",2,Google Play
whoever decided to put the add to order on the page below the add to shopping cart is dumb. you're confusing a lot of people that may not want that item shipped right away.,1,Google Play
"Apparently, it's literally impossible for me to do business with Amazon. My card doesn't give me trouble with anyone else. I tried signing up for an Amazon card to get around this (which is absurd enough to have to do by itself), got approved, but Amazon wants me to tap the physical card to the phone. I selected digital only on sign up, there is no physical card. I shouldn't have siged up to begin with. Edit: they have locked my account.",1,Google Play
"fast. convenient. easy. may be minor issues but overall great service, delivery and customer service.",4,Google Play
"It suck, not good would not except my gift card.It was a debit cards, money upfront, still wouldn't let me use it.",1,Google Play
So apparently it was a while ago but I had a $25 Amazon Gift card and ordered this Lulu necklace and my payment never went through and I need a refund because I told customer support and nothing happened after that so apparently it got scammed,3,Google Play
SO Much Delivery cant reach And I Dont Get My Refund! Definitely a 1,1,Google Play
just deleted this app. they want me to tap my card to verify the payment.. nahh I don't need useless junk that bad,1,Google Play
Very satisfied,5,Google Play
the orders are very glitchy you click on a order and it takes you to a opposite order you did not click on to see very glitchy app,1,Google Play
Everything is great!,5,Google Play
It keeps closing due to a bug.,1,Google Play
Beware Amazon is not what they were. Shipping is very slow and customer service is garbage. I keep getting charged for a package that Amazon lost. I have to call them. Which you have to Google to find. I wade through there AI for half an hour to finally get to a live person. Get my refund then a few weeks later they go and charge me again for the same lost package. I am on my third refund for the same package and they say there is nothing they can do. I am done with them.,1,Google Play
"New update, now can no longer open details of items or look at individual items . can't see the pics, everything is a summary on one page . this will stop me from ordering , and I only shop amazon .",1,Google Play
"Amazon sells practically everything, so convenient, saves gas money, shipping fees and great customer support. Amazon is always the first place I search with the option of selecting lowest prices first and other filters.",5,Google Play
Okay for ordering and tracking orders but very limited beyond that - can't buy Kindle books and does not allow management of subscriptions. Poor. Come on Amazon sort it out!,1,Google Play
best*more...*,5,Google Play
AI and China are ruining Amazon experience,2,Google Play
Super-convenient.,5,Google Play
"my hand Cross my heart this is the last time i will ever use this App in Canada or anywhere reasons items didn't arrive after 3 months and once i called to get some info the cancel my item without my permission Bought the same item twice by mistake, after 30 seconds i called them to cancel 1 of the to orders they told me to wait 48 and they didn't expect my refund therefore AMAZON is no longer my first or second or last option.",1,Google Play
I don't like that they added the fresh cart. its completely seperate from the regular cart. I didn't realize that something I bought even went into that cart. I thought I ordered all my stuff. nope I did not.,3,Google Play
great app,5,Google Play
"The app is nice and easy to use, however, what good is it, and why should I have to upgrade my devices now that I can't afford it just because I have a reliable tablet that works well but happens to be older. So I think that we will just be going back to old style. Thank you.",1,Google Play
"Not compatible with my Galaxy A9 tablet; I'm disappointed that Amazon have taken the decision to end support for tablets. Whilst a phone is convenient, a tablet offers a better viewing experience.",1,Google Play
"This app used to work on my tablet, android 13, .become corrupted, I deleted the app, now it is not available. Amazon get your act together.😡Deleted",1,Google Play
"Has a bug, now unusable, please fix!",1,Google Play
great stuff at fab prices,5,Google Play
"billion dollar company app experience - horrible UI lag, absolutely nothing about navigation is snappy. trying to browse or view different product options feels like being back on dial-up to the point it's not even worth browsing after 5 minutes. navigation requires far too many click thrus and no efficient way to return to a previous page. what do UI/UX people even do? 🤷‍♀️",1,Google Play
"App crashes every single time I make a search. Forced stop on app, cleared cache, still crashes.",1,Google Play
bug on app that closes it within 10 seconds of opening. pls fix asap,1,Google Play
Easy process.,5,Google Play
the new ai experience is is seriously lacking in the returns option. asks a question and then you can't type your reply no reply box. recently bought a new pair of shoes that some one wore in the mud...,1,Google Play
greatest thing ever so easy and so much fun to use,5,Google Play
"Amazon should be called, creators home 🏠",5,Google Play
customer service is very bad .....named mostafa......better to chat or talk with ai than your human tram....absolutly poor service from saudi arabia,1,Google Play
"the new update is so stupid and annoying. you can't swipe through the pictures anymore, you are stuck with whatever picture is in the thumbnail which is so small it's hard to make anything out and you can't click on it to enlarge it. I fact clicking on it just takes you back to the same exact thing. the lay out is to cluttered now with information I don't care that much about. I will no longer be using Amazon until they revert it or come up with a better user interface because this one sucks",1,Google Play
Cant install on Samsung tablet.,1,Google Play
"So I had a scheduled pick up of couple of items for Amazon from this DRAGONFLY today on Feb 19/26 they sent Me an email in the morning and said we're on our way to pick up your package, I waited all day at home and at around 8 o'clock at night i got a text message saying that some Indian guy named DEEPAK will pick up my package and around 9 o'clock I got an email that Deepak tried to pick up packages but couldn't, I was home all day Deepak never called or buzz , so Deepak lied",1,Google Play
having problems with the dim screen control,3,Google Play
"easy to use, trustworthy",5,Google Play
You can get your shopping done if you know what the item details are. The search feature is very inefficient. The site is difficult to use if you are shopping for items and want to compare prices as a details.,3,Google Play
Overpriced tack!,1,Google Play
amazing,5,Google Play
prices are so high on the app,2,Google Play
"WHATS GOING ON???? NOT COMPATIBLE WITH TABLET!!!! I hate using the web, the app was so much easier, please sort this out. I have it on my phone but not on my tablet, this is ridiculous, please fix it!!!",1,Google Play
"2/22/26 phone was on vibrate with no sound, plus do not disturb. No apps are allowed through yet this app repeatedly wakes me up at 2 or 3 or 4 am with notification sounds for stupidness like sales on items I have zero interest in. I'd also love it if I could also ONLY get important notifications (which respect my SYSTEM WIDE volume and alert settings) instead of SPAM that alerts me a dozen times a day for junk. Rufus is useless as is the app. At this point 99% of results are sponsored.",1,Google Play
BUYER BEWARE AMAZON HAUL This review is specific to Amazon Haul. Recently I had an undelivered order. Per normal Amazon refunded the items. The import charges totally over $20 of and $132 dollar order are not refundable per Amazon Policy. So be warned if you don't get your items you will only get a partial refund,1,Google Play
excellent,5,Google Play
doesn't allow me to keep purchases private.,1,Google Play
"I feel like the ability to schedule an order would really help all these issues with payments occurring too late. I would love for you to be able to run my card automatically after I get paid, basically. You can do a whole marketing campaign on that alone because nobody does it. I'd feel good knowing I have the order placed ahead of time before I got paid so nobody else can snatch up that money first. You're welcome to whoever submits the idea.",2,Google Play
"It would be convenient for customers and lucrative to business if we could schedule a purchase. It's a simple idea, but may be revolutionary.",3,Google Play
Used for 20 minutes and my phone turned into a furnace. This app has always caused heat problems on various phones but it's gotten so bad I uninstalled.,1,Google Play
Not updated so can't be used on tablets. Very inconvenient.,1,Google Play
"""It is unacceptable that Amazon's system clears my entire cart when I only purchase a few items. I spend months finding specific products, and losing them all at once is a major issue. Please fix this so that unselected items remain in my cart or are automatically moved to 'Saved for Later' after a partial purchase.""",1,Google Play
Still no dark mode,2,Google Play
it's really amazing,5,Google Play
Amazon is allowing people to sell sex dolls that look like little girls that is pedophilia even if its not a living thing it normalizes pedophilia Amazon needs to sue and remove that product if they don't they obviously support it,1,Google Play
great,5,Google Play
Great app,5,Google Play
"App freezes when selecting options for items ( color, size, etc.).",2,Google Play
no longer compatible with my tablet?,1,Google Play
"I never shopped Amazon before, but heard great things. We decided to become prime members, and I absolutely love it. I order for school (teacher) and home. I also am a fan of the grocery items. I have never had a problem with my orders except for one delivery guy who threw one of my packages and took a picture as he did it 🤦🏻‍♀️.",5,Google Play
this is my everything 🙏❤️❤️💯,5,Google Play
its not a matter of stars since the last update I can not order at all tells me there is a Bug the app editor needs to fix so I can order again 😌😔😪🤤,2,Google Play
"my name is MD JUBAIR MULLA - Hello, Amazon 👋👈",5,Google Play
all day it shuts down! can't do anything! fix this bug!,1,Google Play
works great but needs dark mode option,4,Google Play
i hate the erroneous long press on items,1,Google Play
amazon keeps charging me for prime and won't refund my money,2,Google Play
Give me dark mode,1,Google Play
love Amazon,5,Google Play
That's not fair i've been a customer for a long time and they said there's a credit card fraud or something like that yeah I guess I'll never come back here again forever,1,Google Play
THE AI TRASH HAS TO GO. NOW.,1,Google Play
New forced AI return feature doesn't work. can't select a reason for the return.,1,Google Play
how do you not have your app compatible with Samsung tablets?,1,Google Play
Often late. As in days... Frustrating. Oftentimes I will order a product because they are promising next day delivery. I could have gone to a hardware store or an auto parts store but was being lazy. Or purchased a superior product from Amazon with no rush. But I go all in on the next day delivery and they often fail. The other thing is that a regular seller that is not buying their way to the top through advertising doesn't stand a chance. Would like to turn off sponsored sellers.,2,Google Play
They are trying to make me use WhatsApp.. very suspicious!!!,1,Google Play
brilliant thanks,5,Google Play
I love scrolling on Amazon on my phone. However recently the app has developed a bug. I can use the website just the same... I need to have it known there's a bug and I can't go joyfully scrolling through Amazon anymore.,1,Google Play
Amazon ok. just Hate Notification for products i already brought. it basically annoying. Feel like removing my account.,3,Google Play
I enjoy the comfort zone I am in..,5,Google Play
the AMAZON APP really drains cell phone batteries!!!!!,1,Google Play
Easy great handy shopping experience.,5,Google Play
The shopping is great but sometimes Amazon does not make sure reputable companies are selling products under their name.,4,Google Play
good deals.,5,Google Play
Needs update for support on Razer Egde,1,Google Play
exel nfe,5,Google Play
"Constant bugs, no good deals. Constant bugs, no good deals",1,Google Play
trash give the update to fix the big already. I can't even use the app.,1,Google Play
"Amazon provide fast efficient delivery and access to a wealth of resources. However if you have a problem it is extremely hard work. Their Data security concerns me and they are extremely hard to cancel. I apparently have 5 amazing accounts, a UK one, US one, Aus one etc, have been trying to close them for 4 years. be careful",3,Google Play
it was good but it did not have the nail tips I was looking for,4,Google Play
can't search for anything. the app immediately closes after trying to use the search bar,1,Google Play
"my phone number changed and I got locked out of my account, customer support cannot change my number so im done with it and taking my business elsewhere",1,Google Play
I like how you have to get an otp from a different phone that you can't access when logging onto a different device. It's a super convenient feature. I really disliked how you could just login to your email and get a code before Nice Update! How do you login if you only have one device.,2,Google Play
Very good app easy to find stuff you need to get,5,Google Play
how do i change my cotact details,5,Google Play
it's perfect,5,Google Play
"I had to download an app from a mirror site to get it working on my tablet. why would you force me to do this? the APK works just fine though clearly not designed for tablet ofc. Devs, get your product owners told",1,Google Play
discontinued tablet support,1,Google Play
hangs when trying to switch between us and za stores. selection in sa store is sad really. why cabt we get us stire stuff in other markets with skme consolidated shipping? hasnt your ai told you to do that yet? now it keeps on popping up a nag abiut switching back to za store and throwing away my search. nice. not.,1,Google Play
"service and products are good. but, the app sucks. I have too many issues with this app.",2,Google Play
"App is completely unusable now, can't even log in without it freezing and crashing. Forget customer support, they don't even read the reviews.",1,Google Play
"The search function is worse than ebay in every way imaginable. The app is extremely slow. Tab navigation is unintuitive. You would really think a flagship company like Amazon would have an optimized app... Update: so extremely slow, how can an app this popular function this poorly? Trying to compare prices on ebay and Amazon won't load.. have to change my 2 star rating to 1 star.. *2026 edit- search still broken. I would've made another 1 star review if it let me!",1,Google Play
very good never had a problem,5,Google Play
i can't sign up for prime subscription,1,Google Play
"GO WITH EBAY. Over 60% of my orders since Jan 2025 have been late. I live in KC in the city, less than 10 miles from 3 Amazon distribution centers. Over 60% of the approx 200 orders since Jan 2025. only 80 packages arrived on time. customer service is a joke. get ready for Swarna (actual CSR) to lie and jerk you around to waste your time. I was told they would check promises delivery dates vs actual delivery dates and nothing happened. ebay has 99% on time deliveries to me.",1,Google Play
gift cards are so clutch,5,Google Play
"New AI return process shakes my confidence. Certain categories,like if you had a problem, just lead to a dead-end where the AI asks for more info but there is no way to enter it and proceed. Also, could not find any way to contact an actual human.",1,Google Play
ok so far,3,Google Play
the ads have just become ridiculous at this point. when watching an episode you'll spend more time watching ads than the show. uninstalling.,1,Google Play
app won't load after install,1,Google Play
"I have been a member for over 10 years. Christmas 2025. I ordered a 24in TV when I wanted a 32in. When returning the 24in there were no hiccups, a smooth transaction returned to my original payment. Yay!! My 2nd TV was a joke. Volume defect, when trying to return for a refund apparently the seller wanted me to pay a shipping fee. I WAS NOT going to pay to ship back to the same seller as the 24in... My refund was applied to a gift card and not my original payment. Bye-Bye Amazon!!",2,Google Play
"Is there any way to block or stop LL BEN's password book, 'S..T', from popping up on a daily basis!? I am a CHRISTIAN and I don't want to see profanity advertised every time I open up the app!!  I'm certain there are things you do to accomadate others! Ex., Islam.",3,Google Play
glitch in the latest update! can't see orders!,1,Google Play
"since the latest update, every search opens the ai instead of just taking me to the results. i, and i cannot possibly overstate this, do Not Care what the environment destroying plagiarism machine that lies has to say about my search. just show me the items thanks.",1,Google Play
"YOUR FOSSIL hates to admit it, but this newfangled Amazon doohicky is pretty spiff!",4,Google Play
Like,5,Google Play
always a good experience,5,Google Play
so fine,5,Google Play
"there stealing money from me. i tryed to cancel my amozon prime account a couple months ago but can't. they've stolen at least 32$ from me so far. i wish there was anyone or anything that would hold these evil, slimy people accountable. at all even. thanks for blatantly stealing from me and probably most of your other customers.",1,Google Play
"love this service, shipping is fast and reliable.",5,Google Play
"So easy to do, it's at my fingertips.",5,Google Play
"not available for tablets,why?",1,Google Play
"how sad that this has no support any more. it's like reading a tax law to get thru the ""help"" pages.",1,Google Play
nice,5,Google Play
"popular online shopping platform with a huge variety of products and fast delivery. It’s easy to use, prices are often competitive, and customer reviews help with buying decisions. Sometimes delivery can vary by seller, but overall it’s convenient and reliable.",5,Google Play
Not available on a brand new tablet???? This seems unrealistic.,1,Google Play
Incompatible with my new tablet. This is ridiculous. (Lenovo Tab Plus),1,Google Play
Ever since the latest update I've been having a hard time doing returns because it's run by AI. I've tried numerous time with no luck.,2,Google Play
2026.02 not able to rearrange wishlists. OLD still not fixed: Make it possible to save print & label as pdf ON MOBILE. It's forever been a problem and still isn't a feature! Everytime I click print label it just refreshes the page in app. If I try to send myself the link in email it opens the app and does it again. If it opened in browser I could select save to pdf. So I have to do this in a roundabout way by going on desktop and send the pdf.,1,Google Play
"This app is very user-friendly and easy to navigate. So far, it runs smoothly without any issues. I’m really satisfied with the overall experience.",5,Google Play
amazon is a great place to get well anything and everything you may need and at a phenomenal deal great over all company !!!!,5,Google Play
"I don't know what has happened, I used to frequently buy bits and pieces from this app, then after one of your updates last year, it all went downhill. My purchase history is gone and it keeps telling me that most items aren't available to be shipped to my location, it's infuriating. At this stage, if I could review with no stars, it would be that.",1,Google Play
"TQ MAKE MY DAY ..EASY GOOD TO I FIND MY THING , MY SHOPPING SHOP..HEHEHEH THE GOOD IDEA OF APPSS",5,Google Play
Great place to shop Great prices,5,Google Play
"my app keeps crashing, I can't click on certain things, some products won't fully load or let me click through options. Even when I go to male a purchase the app will crash leaving me to dbl and triple check of the purchase went through or not. It's frustrating trying to shop on the app now.",1,Google Play
"all good, only sad part is some sellers dont sell and ship to south africa, and every country has their own selling platform.",4,Google Play
It's Amazon,5,Google Play
I ordered a phone and yogurt. the driver kept my phone and delivered the yogurt. it's easier to just go to Walmart or Costco.,1,Google Play
"Amazon's predetermined limited range of filters is so restrictive. Unfortunately, we're a slave to this corporation.",1,Google Play
"Exceptional app. super fast delivery, like no other shopping platform ... highly recommended 10 stars",5,Google Play
It was useful,5,Google Play
"Mostly cheap, some products can be found cheaper on other sites like Takealot. The free delivery is bu far the best.",5,Google Play
thank you for making me feel so welcome 😎👍,5,Google Play
not available in my region 😕,1,Google Play
"if I ever need anything, I know that I can get it from Amazon and the delivery will be fast.",5,Google Play
For the most part I get everything just right for me 💖💖,5,Google Play
Quick and easy to use. lots of variety on items. Need to expand on shoe options,4,Google Play
برنامج جميل وفيه كل حاجة,5,Google Play
"try make order all time long time to ship, app send lot spam get prime, if you no get prime spam dont stop, ok get prime magic 2day ship,?, no no ship realy bad app now, cancell prime but never refound lost time and money👎",1,Google Play
the best app in the world. the app is commpare to daraz,5,Google Play
good,4,Google Play
"Amazon is a comprehensive online retail platform that provides a diverse range of products and efficient delivery services. Its user-friendly interface enhances the shopping experience. Nevertheless, improvements in customer service efficiency and return management could further strengthen overall user satisfaction.",5,Google Play
very good I'm impressed,4,Google Play
good,5,Google Play
"I used to order from Amazon all the time and now it signs me out everytime I use the app and when I try to sign back in it just says ""we've detected unusual activity on your account"" at first I believed that so I changed my passwords when it automatically signed me in and then once more it forcefully logged my account out and now I cant even access my account I have an order in place right now and I cant even check the shipping status because of this.",1,Google Play
It's a nightmare I have mental health problems and I'm disabled and they won't let me sign in,1,Google Play
"Amazon Cust. Spt instructed me to uninstall the Amazon Shopping app (Google Play) from my Samsung Galaxy Tablet A8 (2022) because I was switched to Amazon Japan vs US and there was no way to switch back (which is disgraceful design). I uninstalled, & with the guy still on the call found I couldn't reinstall the Amazon Shopping app on my tablet. WTH. I do all my frequent Amazon shopping from my tablet app. I will Not shop via browser on my tablet. When will the Amazon apk devs address/fix?",1,Google Play
Waiting to place first order this month. Will know more once order details are given and delivered. Wishing The Best.,4,Google Play
I always get as described ta mates that was easy,5,Google Play
اقوى برنامج طفرني,5,Google Play
i love amazon it delivers my 📦 package neatly and well mannered i love amazon ❤️♥️,5,Google Play
"It so easy to shop. I have , when not feeling well been able to get the things I need easy and fast.",5,Google Play
bad can't install ?????????!!!!!!!!!!!!!!,1,Google Play
This isn't available for my device ??? !!! Android tablet is 1 year old. 🤪,1,Google Play
yourapp is confusing your computer can't interface with Mine and I can't get on line,1,Google Play
"terrible app. reset password, doesn't work. reset a second time. it works. try to log in, restricted. try spending an hour on the phone. went back to eBay remembering how fkn terrible Amazon actually is for everything except finally finding something useful (rare as fk)",1,Google Play
Why does my Amazon app all of a sudden show Arab Emirates instead of the US??,1,Google Play
"new update sucks, finding things has become way harder and the app design looks cheap and seems cluttered",2,Google Play
"Locked me out after I changed my phone number, zero customer support assistance when requested. Automated walkthrough provides false information on how to fix, app is now bricked.",1,Google Play
Never had a problem with Amazon's mobile app.,4,Google Play
Just bought a Google Pixel 10 Pro paid...but no receipt,1,Google Play
Good for reviews. The shipping times are becoming deeply inaccurate.,3,Google Play
Update for tablet use needed!!,1,Google Play
UI/UX design is super poor. When my LTE is a bit weak I can not open my list/order/history. Glitchy app.,1,Google Play
"it just constantly telling me uh ohh something went wrong. its like, hey you might like this, check it out...uhh ohhh sike",2,Google Play
I love shopping on here cuz it stops me from going outside to the stores to be looking for things that might not be there at Amazon has it all,5,Google Play
Great amazon shopping,5,Google Play
تم الغاء عملية الشراء بسبب التأخير والى الآن لم يتم إسترداد المبلغ منذ ثلاث أسابيع وللأسف لا يوجد خدمة عملاء للتواصل..,1,Google Play
Took money out of my debit card without permission even though I have no Amazon account.,1,Google Play
it's taking a long time to load on my phone,1,Google Play
Bait and switch tactics. It says overnight and once you purchase it gets kicked to Monday. They lie about not having access to the Amazon lockers. This is my official last time purchasing Prime membership since you guys literally can change the ship time whenever you want and I have to deal with it. 👎,1,Google Play
"if you add something to your list or add it to the cart and then think about it for a couple of days, Amazon will instantly raise the price of that item. so buyer beware. and because of that I am limiting my purchases through Amazon because that's bad business and it sucks.",1,Google Play
"new AI return prompting not working, gets stuck on ""OK, was there anything inaccurate about the product description or images? If so, please describe."" and unable to continue return on mobile",1,Google Play
"this app doesn't seem to be available for the Samsung A11+ in the United Kingdom for some reason and tells me it's not compatible anymore, what is going on with the A11+?",2,Google Play
"sloppy experience. I suggest trying to find what you are looking for without typing it into the search bar. Instead, shop by department, then category and try using the filters you can click on to try to narrow down your search and see how close you can get to finding your chosen product. Even when searching with the search bar, Amazon is more interested in offering what they think you might also purchase instead of what you searched for. ""sponsored product"" is also out of control as well.",1,Google Play
O app nao te deixa pedir reembolso de compras em que enviaram menos itens do que foi pedido,1,Google Play
Suddenly stopped working on Samsung tablet after having worked for years. Tried uninstalling and reinstalling and says not supported. Goodbye Amazon prime.,1,Google Play
app crashes with every search attempt since the most recent update. completely unusable.,1,Google Play
"amazon, dangerous company, boycott them and it's owner",1,Google Play
"Will not play videos in product images, and cannot back out once a video has been opened. Crashes and loses text I typed when trying to add a picture to a review.",1,Google Play
It's a really easy and straightforward shopping experience every time 👍,5,Google Play
love amazon they always get my orders here fast.,5,Google Play
"App no longer allows me to take a long screenshots anymore!!!! oh sure, the app allows a regular screenshot BUT my Samsung s25 lets me take entire page screenshots but cuz Amazon thinks I want to share the screenshot I just took, it stops me dead in my tracks from being able to scroll the page while taking a long screenshot at the same time!! it keeps constantly popping up a full page bunch of nonsense trying to get me to share it to all these different platforms!! What a joke!!!!!!",1,Google Play
always had great experiences with Amazon,5,Google Play
Mein Konto ist immernoch gesperrt obwohl seit über einem Jahr alle offenen Zahlungen beglichen wurden. Kundenservice ist entweder nicht erreichbar oder keine Hilfe.,1,Google Play
no good,1,Google Play
"i swear if ur package is ""lost"" you never can get ur money back its actually crazy",1,Google Play
"It's very irritating that you can't use the app to remove a payment method, only add one. And it was also not letting me complete a return today. Luckily, I have a laptop to pull up the website so I don't have to fight with the useless customer service bot.",3,Google Play
"Most orders arrive when the listing indicates. I've been finding many, recently, that will say they will deliver today, but once my order is placed, it changes to a next day or later delivery time. My job requires me to travel. When I place an order based on that delivery time, I need it to be reliably delivered at the time indicated by the item post. Also, some street addresses in complexes have several circles with lot numbers.",4,Google Play
good app to download it on your phone,5,Google Play
Poor after-sales service,1,Google Play
The app keeps crashing!,1,Google Play
too many updates,1,Google Play
"Great app. But the ai thing says there's a retry payment method right by the order. I've looked and no button. please fix this. It would be great if it was below the Big revise payment button. when it needs to be revised but with ""retry payment method"" underneath the revise payment. thank you.",5,Google Play
"What is going on with delivery. Everything is being delivered to the wrong apartment!!!! When I call, the manager tells me they can only deliver to the front apartment! WTH!! I'm looking for another service provider after 10 years! FURIOUS 😠",1,Google Play
Muy bueno👌🫠,5,Google Play
"Basic operation is piss poor, as it stands at the moment it's not fit for purpose. Needs updating to fix what they have broken asap!",1,Google Play
"Uninstalled. This app gives you sponsored listings, ads, Rufus, and garbage AI results. Not much more. Better off shopping elsewhere.",1,Google Play
"App software suddenly started pulling in decades old orders but hid recent ones. The developer works for a pass-through company that buys and sells items then switched products out without the purchaser's knowledge. They used the app history to pull old orders trying to get ""good"" reviews but failed to realize some of that stuff they sold during the pandemic was trash or stolen then switched by their own packaging or shipping people. Stop misusing AI service. Cannot darken screens on either app.",1,Google Play
"new ""ai"" returns won't allow you to return via the app because it won't generate a response. have to go on website to return",1,Google Play
This app keeps crashing on my android phone! I'm hearing is only happening on Android! Please fix it app is crashing again today in Feb 2026. what is the problem!!??,1,Google Play
since update no longer works on android tablet only on phone. Useless as I used my tablet more for shopping than phone. Thinking about cancelling all my amazon prime and music unlimited as not getting a full service anymore. Amazon need to re-think this.,1,Google Play
Excelente! always find what I look for and much more!!!,5,Google Play
"seems like everything I order gets delayed, or the same day delivery stuff doesnt show up. stop having same day delivery if you cannot fulfill the promise. disrespectful",2,Google Play
it is a great app and easy to use and it is well laid out 👍👍👍,5,Google Play
it's consistently crashing. I can't search for anything before it closes out,3,Google Play
There is no clear way in the app to report a bug in the app. I tried to make a return and can't proceed with they new AI feature. There is no way to enter an answer. I took a screenshot and when trying to find a tech support there's a lot of functions and they all are looped back to the beginning. crazy things how they do everything complicated for customers. can you please send me a link how to report bug?,1,Google Play
Love Amazon Great items,5,Google Play
"horrible customer support, they cancelled on me an order, didnt even the decency to update me that they canceled the order, when i went to customer support, instead of helping me they start debating with me, a joke and scammy company, thank god i can count with one hand the times ive bought stuff of off them, they make you wait for your refund when there is a problem on the side of the supplier, and instead of helping in the situation they wont trasnfer you to someone more empathic",1,Google Play
"I love the amazon shopping app, here lately I can't use it because it keeps crashing. I have updated it and tried to clear out everything it's said to do. Still crashes when I get on to the app shopping app. I can't even look on the website because it's sent me shopping app. Please fix.",2,Google Play
good,5,Google Play
"Awesome,They Come 2 Your Home,Good Prices,Nice People....",4,Google Play
"slow as hell now. difficult to customize pieces, very frustrating. makes me look more on eBay.",2,Google Play
used to work fine but keeps force closing when trying to shop. help?,3,Google Play
too hard to open my own account???? (WHY),5,Google Play
good,5,Google Play
rubbish,1,Google Play
Love it so easy!!,5,Google Play
"the new updates are making everything harder, click on cart gets ads, i have to repeatedly click on cart icon to get to my actual cart. not to mention all the useless ai additions, all the summeries and product info are just talking in circles, and you get NO actual useful information.",1,Google Play
I don't know if the program the app or the algorithm but sometimes your purchases do not go the way that you want them to sometimes when you create an order it changes the dates on you and I've complained to Amazon about this but they don't seem to care or want to fix the problem,1,Google Play
"""sepetim"" kısmında ürün aradıktan sonra tekrar ""sepet"" ikonuna basınca sepeti göstermiyor, aynı ekranı yeniden gösteriyor ve bu durum çok sıkıcı",1,Google Play
"Shipping has become a week or more now. Promised in 2 days then they lose it, where walmart has delivered. Also, lately I am finding the same items on Walmart app at a lower cost. Amazon is getting worse by the day.",1,Google Play
of course I like amazon but i have been stuck in a continuous loop on the app trying to speak to a person even a chat but it just goes in circles never bringing you there i have placed an order wich says buy in next hour for next day early morning delivery and of course rite after I pay it now says 3 days for shipping and this happens way to often and I am extremely frustrated and if I click on item to buy again it again says next day delivery 4am to 8am so why is mine 3 days after I pay happens,1,Google Play
Easy to order and find thing's,5,Google Play
"The app has a bug and I've been trying to use it recently without success because when I open it, it just closes on its own. Please fix this.",1,Google Play
dissatisfied Gmail stops working all the time,1,Google Play
The app started spamming notifications unrelated to orders or offers (just telling me stuff like 'You friends are buying it already - just one more click'. These notifications cannot be disabled without turning off the system notifications for the app. Annoying as hell,1,Google Play
wouldn't recommend,1,Google Play
absolutely the best to shop at 😊😊,5,Google Play
Bad update! It closes every time you try to look for something!,1,Google Play
great options and discounts,5,Google Play
"1,Very unprofessional way of dealing with customer 2, very unprofessional and bad behaviors from the drivers",1,Google Play
"App werkt redelijk, maar ik erger me mateloos aan de automatisch spelende reclame filmpjes en de ""gesponsord"" troep die de zoekfunctie er niet bepaald beter op maakt. Als ik zoek op een specifiek merk, dan zit ik niet te wachten op generieke Chinese ""alternatieven"", Amazon! (zeker niet als de verkoper negen van de tien keer direct vanuit China verscheept en je dus bij problemen torenhoge verzend kosten zou krijgen voor de retour)",4,Google Play
after update cannot return,1,Google Play
"Useless bloat. Didn't ask. Don't want. Lacks a couple website features we regularly use. Dropped ASAP, mostly because we strongly prefer PC browser interface.",1,Google Play
easy to use,5,Google Play
ok,5,Google Play
"The most recent update is terrible. anytime you add an item to your cart it brings down a buy again banner. if I wanted to buy it again I would have been searching for it. however, most the items that pop up are not something I want and is more intrusive and time wasting than anything.",1,Google Play
"its not working at on my s25 galaxy , the app isn't working at all keeps crashing no matter what I do had to put in a deep sleep",1,Google Play
I DON'T WANT PRIME!!!!!!!!!!!!!!!!! 🤬🤬🤬🤬🤬🤬🤬🤬🤬🤬🤬,1,Google Play
"Golden smoke sardines on sale for under $36. 18, 2$ a can. $3 at the store.",5,Google Play
it takes too long to deliver your stuff even with prime,2,Google Play
The app could use some work. Slow at times. Constantly having to close and reopen because it just stops working.,3,Google Play
my favorite place to shop,5,Google Play
Too easy. My fav app,5,Google Play
"Honest product rating was not allowed. The products I buy and like, I give 5 stars to. But, on one order something was not right. So, Amazon did not post rating for 1 star review. I received an email saying ""inaccurate information. Does not meet community guidelines"" after posting a 1 star rating for the poor performance of a lithium-polymer battery that was advertised as a lithium-ion battery.",1,Google Play
Such an easy app to use. I used it literally everyday! any purchase I am planning to make gets a look on Amazon! The only thing that really needs to be added is dark mode.,5,Google Play
good,5,Google Play
you should be able to get this app on any device,1,Google Play
shopping at Amazon is easy,5,Google Play
horrible support,1,Google Play
I find that they are good 😊,5,Google Play
doesn't allow dark mode,1,Google Play
so easy to shop,5,Google Play
Why is it no longer compatible for tablets? I don't understand why Amazon would do this.,1,Google Play
"Google took the money out of my account for my Amazon prime subscription and then did not pay my subscription, there is no customer service, so they stole $16.26 and I cant do anything about it.",1,Google Play
"This is so easy, I'm able to order just about anything especially for my Mom & have it sent straight to her.",5,Google Play
"my first order I've gotten is broken, they won't give me a refund, and they say my account is ""too new to leave a review"" so I guess they just don't care about new customers feedback",1,Google Play
"What would we do without Amazon?? I mean, SERIOUSLY!!",5,Google Play
never on time,1,Google Play
Shopping with Amazon has made finding and purchasing items so easy I would recommend using it for nearly all of your needs and the options are phenomenal there are so many ways to make purchases and you can take as much time as you need to shop on your own time almost anywhere. I have used Amazon for many years now and have never had any packages not delivered and there delivery times are super fast with prime.,5,Google Play
they constantly send me the wrong thing,1,Google Play
need to shop,4,Google Play
"at First Amazon prime was worth having 1 day Delivery, but all 2025 packages that are supposed to get delivered in one day, have been taking 3-8 days witch is rediculous knowing im paying. Amazon is getting too busy to keep up",2,Google Play
